[
    {
        "pk": 1,
        "model": "stats.report",
        "fields": {
            "title": "Report with 'start' and 'end'",
            "period_start": null,
            "period_end": null,
            "branch": null,
            "careworker": null,
            "variable1": "weekday",
            "variable2": "branch"
        }
    },


    {
        "pk": 1, 
        "model": "auth.group", 
        "fields": {
            "name": "careworkers", 
            "permissions": []
        }
    }, 
    {
        "pk": 1, 
        "model": "common.branchoffice", 
        "fields": {
            "name": "Office Amsterdam"
        }
    },
    {
        "pk": 2, 
        "model": "common.branchoffice", 
        "fields": {
            "name": "Office Rotterdam"
        }
    },
    {
        "pk": 55, 
        "model": "auth.user", 
        "fields": {
            "username": "careworker",
            "groups": [
                1
            ]
        }
    },
    {
        "pk": 1,
        "model": "common.additionaluserinformation",
        "fields": {
            "user": 55,
            "branch_office": 1
        }
    },
    {
        "pk": 22, 
        "model": "auth.user", 
        "fields": {
            "username": "elseone",
            "groups": [
                1
            ]
        }
    },
    {
        "pk": 2,
        "model": "common.additionaluserinformation",
        "fields": {
            "user": 22,
            "branch_office": 1
        }
    },
    
    






    {
        "pk": 1, 
        "model": "forms.form", 
        "fields": {
            "status": 2, 
            "title": "before-chat", 
            "login_required": false, 
            "email_copies": "", 
            "button_text": "Submit", 
            "slug": "before-chat"
        }
    }, 
    {
        "pk": 2, 
        "model": "forms.form", 
        "fields": {
            "status": 2, 
            "email_message": "", 
            "title": "after-chat", 
            "login_required": true, 
            "button_text": "Submit", 
            "slug": "after-chat"
        }
    }, 
    {
        "pk": 1, 
        "model": "forms.field", 
        "fields": {
            "field_type": 5, 
            "_order": 0, 
            "form": 1, 
            "default": "", 
            "required": true, 
            "choices": "red,blue,green,yellow,pink", 
            "visible": true, 
            "help_text": "", 
            "placeholder_text": "",
            "label": "color?"
        }
    },
    {
        "pk": 2, 
        "model": "forms.field", 
        "fields": {
            "field_type": 1, 
            "_order": 0, 
            "form": 2, 
            "default": "", 
            "required": true, 
            "choices": "", 
            "visible": true, 
            "help_text": "", 
            "placeholder_text": "",
            "label": "city?"
        }
    }, 
    {
        "pk": 1, 
        "model": "questionnaire.questionnaire", 
        "fields": {
            "position": "CB"
        }
    },
    {
        "pk": 2, 
        "model": "questionnaire.questionnaire", 
        "fields": {
            "position": "CA"
        }
    }, 
    {
        "pk": 1, 
        "model": "forms.formentry", 
        "fields": {
            "entry_time": "2010-01-01 15:04:00", 
            "form": 1
        }
    },
    {
        "pk": 2, 
        "model": "forms.formentry", 
        "fields": {
            "entry_time": "2005-05-05 00:04:00", 
            "form": 1
        }
    }, 
    {
        "pk": 3, 
        "model": "forms.formentry", 
        "fields": {
            "entry_time": "2011-12-31 21:04:00", 
            "form": 1
        }
    }, 
        {
        "pk": 1, 
        "model": "forms.fieldentry", 
        "fields": {
            "entry": 1, 
            "field_id": 1, 
            "value": "yellow"
        }
    }, 
        {
        "pk": 2, 
        "model": "forms.fieldentry", 
        "fields": {
            "entry": 2, 
            "field_id": 1, 
            "value": "red"
        }
    }, 
        {
        "pk": 3, 
        "model": "forms.fieldentry", 
        "fields": {
            "entry": 3, 
            "field_id": 1, 
            "value": "blue"
        }
    },








    {
        "pk": 1, 
        "model": "conversations.conversation", 
        "fields": {
            "start_time": "2010-01-01 15:05:00", 
            "subject": "Chat"
        }
    },
    {
        "pk": 1, 
        "model": "conversations.participant", 
        "fields": {
            "name": "nobody", 
            "ip_hash": "", 
            "conversation": 1, 
            "blocked_at": null, 
            "role": "S", 
            "user": null, 
            "blocked": false
        }
    },
    {
        "pk": 4, 
        "model": "conversations.participant", 
        "fields": {
            "name": "careseekerONE", 
            "ip_hash": "aabbccddeeff", 
            "conversation": 1, 
            "blocked_at": null, 
            "role": "C", 
            "blocked": false
        }
    },
    {
        "pk": 1,
        "model": "conversations.message",
        "fields": {
            "conversation": 1,
            "created_at": "2010-01-01 15:05:00",
            "sender": 1,
            "body": "."
        }
    },
    {
        "pk": 2,
        "model": "conversations.message",
        "fields": {
            "conversation": 1,
            "created_at": "2010-01-01 15:05:15",
            "sender": 1,
            "body": "."
        }
    },
    {
        "pk": 1, 
        "model": "conversations.chat", 
        "fields": {}
    },
    {
        "pk": 1, 
        "model": "questionnaire.conversationformentry", 
        "fields": {
            "entry": 1, 
            "questionnaire": 1, 
            "position": "CB", 
            "created_at": "2010-01-01 15:04:00", 
            "conversation": 1
        }
    },
    
    
    {
        "pk": 2, 
        "model": "conversations.conversation", 
        "fields": {
            "start_time": "2005-05-05 00:05:00", 
            "subject": "Chat"
        }
    },
    {
        "pk": 2, 
        "model": "conversations.participant", 
        "fields": {
            "name": "careworker", 
            "ip_hash": "", 
            "conversation": 2, 
            "blocked_at": null, 
            "role": "S", 
            "user": 55, 
            "blocked": false
        }
    },
    {
        "pk": 5, 
        "model": "conversations.participant", 
        "fields": {
            "name": "careseekerTWO", 
            "ip_hash": "aabbccddeeff", 
            "conversation": 2, 
            "blocked_at": null, 
            "role": "C",
            "blocked": false
        }
    },
    {
        "pk": 3,
        "model": "conversations.message",
        "fields": {
            "conversation": 2,
            "created_at": "2005-05-05 00:05:00",
            "sender": 2,
            "body": "."
        }
    },
    {
        "pk": 4,
        "model": "conversations.message",
        "fields": {
            "conversation": 2,
            "created_at": "2005-05-05 00:15:15",
            "sender": 2,
            "body": "."
        }
    },
    {
        "pk": 2, 
        "model": "conversations.chat", 
        "fields": {}
    },
    {
        "pk": 2, 
        "model": "questionnaire.conversationformentry", 
        "fields": {
            "entry": 2, 
            "questionnaire": 1, 
            "position": "CB", 
            "created_at": "2005-05-05 00:04:00", 
            "conversation": 2
        }
    },
    
    
    {
        "pk": 3, 
        "model": "conversations.conversation", 
        "fields": {
            "start_time": "2011-12-31 21:05:00", 
            "subject": "Chat"
        }
    },
    {
        "pk": 3, 
        "model": "conversations.participant", 
        "fields": {
            "name": "elseone", 
            "ip_hash": "", 
            "conversation": 3, 
            "blocked_at": null, 
            "role": "S", 
            "user": 22, 
            "blocked": false
        }
    },
    {
        "pk": 6, 
        "model": "conversations.participant", 
        "fields": {
            "name": "careseekerTHREE", 
            "ip_hash": "xxyyzz", 
            "conversation": 3, 
            "blocked_at": null, 
            "role": "C", 
            "blocked": false
        }
    },
    {
        "pk": 5,
        "model": "conversations.message",
        "fields": {
            "conversation": 3,
            "created_at": "2011-12-31 21:05:00",
            "sender": 3,
            "body": "."
        }
    },
    {
        "pk": 6,
        "model": "conversations.message",
        "fields": {
            "conversation": 3,
            "created_at": "2011-12-31 23:00:00",
            "sender": 3,
            "body": "."
        }
    },
    {
        "pk": 3, 
        "model": "conversations.chat", 
        "fields": {}
    },
    {
        "pk": 3, 
        "model": "questionnaire.conversationformentry", 
        "fields": {
            "entry": 3, 
            "questionnaire": 1, 
            "position": "CB", 
            "created_at": "2011-12-31 21:04:00", 
            "conversation": 3
        }
    }
]